-- phpMyAdmin SQL Dump
-- version 5.2.0
-- https://www.phpmyadmin.net/
--
-- Host: 127.0.0.1
-- Generation Time: Oct 11, 2024 at 05:51 AM
-- Server version: 10.4.24-MariaDB
-- PHP Version: 7.4.29

SET SQL_MODE = "NO_AUTO_VALUE_ON_ZERO";
START TRANSACTION;
SET time_zone = "+00:00";


/*!40101 SET @OLD_CHARACTER_SET_CLIENT=@@CHARACTER_SET_CLIENT */;
/*!40101 SET @OLD_CHARACTER_SET_RESULTS=@@CHARACTER_SET_RESULTS */;
/*!40101 SET @OLD_COLLATION_CONNECTION=@@COLLATION_CONNECTION */;
/*!40101 SET NAMES utf8mb4 */;

--
-- Database: `db_ecommerce`
--

-- --------------------------------------------------------

--
-- Table structure for table `messagein`
--

CREATE TABLE `messagein` (
  `Id` int(11) NOT NULL,
  `SendTime` datetime DEFAULT NULL,
  `ReceiveTime` datetime DEFAULT NULL,
  `MessageFrom` varchar(80) DEFAULT NULL,
  `MessageTo` varchar(80) DEFAULT NULL,
  `SMSC` varchar(80) DEFAULT NULL,
  `MessageText` text DEFAULT NULL,
  `MessageType` varchar(80) DEFAULT NULL,
  `MessageParts` int(11) DEFAULT NULL,
  `MessagePDU` text DEFAULT NULL,
  `Gateway` varchar(80) DEFAULT NULL,
  `UserId` varchar(80) DEFAULT NULL
) ENGINE=InnoDB DEFAULT CHARSET=utf8mb4;

--
-- Dumping data for table `messagein`
--

INSERT INTO `messagein` (`Id`, `SendTime`, `ReceiveTime`, `MessageFrom`, `MessageTo`, `SMSC`, `MessageText`, `MessageType`, `MessageParts`, `MessagePDU`, `Gateway`, `UserId`) VALUES
(1, '2017-11-02 05:19:29', NULL, '211', '+639305235027', NULL, '0B05040B8423F00003FB0302,870906890101C651018715060350524F585932000187070603534D415254204D4D530001C65201872F060350524F5859325F3100018720060331302E3130322E36312E343600018721068501872206034E4150475052535F320001C6530187230603383038300001010101C600015501873606037734000187070603534D4152', NULL, NULL, NULL, NULL, NULL),
(2, '2017-11-02 05:19:34', NULL, '211', '+639305235027', NULL, '0B05040B8423F00003FB0303,54204D4D5300018739060350524F585932000187340603687474703A2F2F31302E3130322E36312E3233383A383030322F00010101', NULL, NULL, NULL, NULL, NULL),
(3, '2017-11-02 05:19:14', NULL, '211', '+639305235027', NULL, '0B05040B8423F00003FA0201,6C062F1F2DB69180923646443032463643313042394231363544354242413143304143413232424334343239453236423600030B6A00C54503312E310001C6560187070603534D41525420494E5445524E4554000101C65501871106034E4150475052535F330001871006AB0187070603534D41525420494E5445524E455400', NULL, NULL, NULL, NULL, NULL),
(4, '2017-11-02 05:19:19', NULL, '211', '+639305235027', NULL, '0B05040B8423F00003FA0202,0187140187080603696E7465726E65740001870906890101C600015501873606037732000187070603534D41525420494E5445524E45540001872206034E4150475052535F330001C65901873A0603687474703A2F2F6D2E736D6172742E636F6D2E7068000187070603484F4D450001871C01010101', NULL, NULL, NULL, NULL, NULL),
(5, '2017-11-02 05:19:24', NULL, '211', '+639305235027', NULL, '0B05040B8423F00003FB0301,6D062F1F2DB69180923432373832413042464145313131463335303137323744303141433530304134373930423843334500030B6A00C54503312E310001C6560187070603534D415254204D4D53000101C65501871106034E4150475052535F320001871006AB0187070603534D415254204D4D530001870806036D6D730001', NULL, NULL, NULL, NULL, NULL),
(6, '2017-11-02 05:19:29', NULL, '211', '+639305235027', NULL, '0B05040B8423F00003FB0302,870906890101C651018715060350524F585932000187070603534D415254204D4D530001C65201872F060350524F5859325F3100018720060331302E3130322E36312E343600018721068501872206034E4150475052535F320001C6530187230603383038300001010101C600015501873606037734000187070603534D4152', NULL, NULL, NULL, NULL, NULL);

-- --------------------------------------------------------

--
-- Table structure for table `messagelog`
--

CREATE TABLE `messagelog` (
  `Id` int(11) NOT NULL,
  `SendTime` datetime DEFAULT NULL,
  `ReceiveTime` datetime DEFAULT NULL,
  `StatusCode` int(11) DEFAULT NULL,
  `StatusText` varchar(80) DEFAULT NULL,
  `MessageTo` varchar(80) DEFAULT NULL,
  `MessageFrom` varchar(80) DEFAULT NULL,
  `MessageText` text DEFAULT NULL,
  `MessageType` varchar(80) DEFAULT NULL,
  `MessageId` varchar(80) DEFAULT NULL,
  `ErrorCode` varchar(80) DEFAULT NULL,
  `ErrorText` varchar(80) DEFAULT NULL,
  `Gateway` varchar(80) DEFAULT NULL,
  `MessageParts` int(11) DEFAULT NULL,
  `MessagePDU` text DEFAULT NULL,
  `Connector` varchar(80) DEFAULT NULL,
  `UserId` varchar(80) DEFAULT NULL,
  `UserInfo` text DEFAULT NULL
) ENGINE=InnoDB DEFAULT CHARSET=utf8mb4;

--
-- Dumping data for table `messagelog`
--

INSERT INTO `messagelog` (`Id`, `SendTime`, `ReceiveTime`, `StatusCode`, `StatusText`, `MessageTo`, `MessageFrom`, `MessageText`, `MessageType`, `MessageId`, `ErrorCode`, `ErrorText`, `Gateway`, `MessageParts`, `MessagePDU`, `Connector`, `UserId`, `UserInfo`) VALUES
(1, '2018-01-27 20:38:08', NULL, 300, NULL, '09305235027', 'Hello Poh', NULL, NULL, '', NULL, NULL, NULL, NULL, NULL, NULL, NULL, NULL),
(2, '2018-01-27 20:39:06', NULL, 300, NULL, '09305235027', 'Hello Poh', NULL, NULL, '', NULL, NULL, NULL, NULL, NULL, NULL, NULL, NULL),
(3, '2018-01-27 20:49:14', NULL, 300, NULL, '09305235027', 'hi poh', NULL, NULL, '', NULL, NULL, NULL, NULL, NULL, NULL, NULL, NULL),
(4, '2018-01-27 20:50:56', NULL, 300, NULL, '09508767867', 'hi poh', NULL, NULL, '', NULL, NULL, NULL, NULL, NULL, NULL, NULL, NULL),
(5, '2018-02-09 17:52:26', NULL, 300, NULL, '09486457414', 'Test to send', NULL, NULL, '', NULL, NULL, NULL, NULL, NULL, NULL, NULL, NULL),
(6, '2018-02-09 17:54:27', NULL, 300, NULL, '09486457414', 'Test to send', NULL, NULL, '', NULL, NULL, NULL, NULL, NULL, NULL, NULL, NULL),
(7, '2018-02-09 17:55:11', NULL, 300, NULL, '09486457414', 'Test to send', NULL, NULL, '', NULL, NULL, NULL, NULL, NULL, NULL, NULL, NULL),
(8, '2018-02-09 17:59:11', NULL, 300, NULL, '09486457414', 'Test to send', NULL, NULL, '', NULL, NULL, NULL, NULL, NULL, NULL, NULL, NULL),
(9, '2018-02-09 18:00:12', NULL, 200, NULL, '+639486457414', 'yes', NULL, NULL, '1:+639486457414:35', NULL, NULL, NULL, NULL, NULL, NULL, NULL, NULL),
(10, '2018-02-09 18:01:12', NULL, 200, NULL, '+639486457414', 'Test to send', NULL, NULL, '1:+639486457414:36', NULL, NULL, NULL, NULL, NULL, NULL, NULL, NULL),
(11, '2018-02-09 18:02:58', NULL, 200, NULL, '+639486457414', 'FROM JANNO : Confirmed', NULL, NULL, '1:+639486457414:37', NULL, NULL, NULL, NULL, NULL, NULL, NULL, NULL),
(12, '2018-02-09 18:05:22', NULL, 200, NULL, '+639486457414', 'FROM Bachelor of Science and Entrepreneurs : Your order has been .Confirmed', NULL, NULL, '1:+639486457414:38', NULL, NULL, NULL, NULL, NULL, NULL, NULL, NULL),
(13, '2018-02-09 18:08:14', NULL, 200, NULL, '+639486457414', 'FROM Bachelor of Science and Entrepreneurs : Your order has been .Confirmed', NULL, NULL, '1:+639486457414:39', NULL, NULL, NULL, NULL, NULL, NULL, NULL, NULL),
(14, '2018-02-09 18:21:41', NULL, 200, NULL, '+639486457414', 'FROM Bachelor of Science and Entrepreneurs : Your order has been .Confirmed', NULL, NULL, '1:+639486457414:40', NULL, NULL, NULL, NULL, NULL, NULL, NULL, NULL),
(15, '2018-04-01 22:17:34', NULL, 300, NULL, '09123586545', 'Your code is .6048', NULL, NULL, '', NULL, NULL, NULL, NULL, NULL, NULL, NULL, NULL),
(16, '2018-04-01 22:18:20', NULL, 300, NULL, '09123586545', 'Your code is .9305', NULL, NULL, '', NULL, NULL, NULL, NULL, NULL, NULL, NULL, NULL),
(17, '2018-04-01 22:20:15', NULL, 300, NULL, '09123586545', 'Your code is .2924', NULL, NULL, '', NULL, NULL, NULL, NULL, NULL, NULL, NULL, NULL),
(18, '2018-04-01 22:42:36', NULL, 300, NULL, '09123586545', 'Your code is .6938', NULL, NULL, '', NULL, NULL, NULL, NULL, NULL, NULL, NULL, NULL),
(19, '2018-04-02 00:40:53', NULL, 300, NULL, '9956112920', 'Your code is .7290', NULL, NULL, '', NULL, NULL, NULL, NULL, NULL, NULL, NULL, NULL),
(20, '2018-04-02 00:42:14', NULL, 300, NULL, '9956112920', 'Your code is .4506', NULL, NULL, '', NULL, NULL, NULL, NULL, NULL, NULL, NULL, NULL),
(21, '2018-04-02 00:43:46', NULL, 300, NULL, '9956112920', 'Your code is .4506', NULL, NULL, '', NULL, NULL, NULL, NULL, NULL, NULL, NULL, NULL),
(22, '2018-04-02 00:45:56', NULL, 300, NULL, '09956112920', 'Your code is .6988', NULL, NULL, '', NULL, NULL, NULL, NULL, NULL, NULL, NULL, NULL),
(23, '2018-04-02 00:47:17', NULL, 300, NULL, '09956112920', 'Your code is .4380', NULL, NULL, '', NULL, NULL, NULL, NULL, NULL, NULL, NULL, NULL),
(24, '2018-04-02 00:48:53', NULL, 200, NULL, '639956112920', 'Your code is .5936', NULL, NULL, '1:639956112920:129', NULL, NULL, NULL, NULL, NULL, NULL, NULL, NULL),
(25, '2018-04-02 00:50:29', NULL, 200, NULL, '639956112920', 'Your code is .5349', NULL, NULL, '1:639956112920:130', NULL, NULL, NULL, NULL, NULL, NULL, NULL, NULL),
(26, '2018-04-02 00:53:32', NULL, 200, NULL, '639956112920', 'Your code is', NULL, NULL, '1:639956112920:131', NULL, NULL, NULL, NULL, NULL, NULL, NULL, NULL),
(27, '2018-04-02 00:54:43', NULL, 200, NULL, '639956112920', 'Your code is 3407', NULL, NULL, '1:639956112920:132', NULL, NULL, NULL, NULL, NULL, NULL, NULL, NULL);

-- --------------------------------------------------------

--
-- Table structure for table `messageout`
--

CREATE TABLE `messageout` (
  `Id` int(11) NOT NULL,
  `MessageTo` varchar(80) DEFAULT NULL,
  `MessageFrom` varchar(80) DEFAULT NULL,
  `MessageText` text DEFAULT NULL,
  `MessageType` varchar(80) DEFAULT NULL,
  `Gateway` varchar(80) DEFAULT NULL,
  `UserId` varchar(80) DEFAULT NULL,
  `UserInfo` text DEFAULT NULL,
  `Priority` int(11) DEFAULT NULL,
  `Scheduled` datetime DEFAULT NULL,
  `ValidityPeriod` int(11) DEFAULT NULL,
  `IsSent` tinyint(1) NOT NULL DEFAULT 0,
  `IsRead` tinyint(1) NOT NULL DEFAULT 0
) ENGINE=InnoDB DEFAULT CHARSET=utf8mb4;

-- --------------------------------------------------------

--
-- Table structure for table `tblautonumber`
--

CREATE TABLE `tblautonumber` (
  `ID` int(11) NOT NULL,
  `AUTOSTART` varchar(11) NOT NULL,
  `AUTOINC` int(11) NOT NULL,
  `AUTOEND` int(11) NOT NULL,
  `AUTOKEY` varchar(12) NOT NULL,
  `AUTONUM` int(30) NOT NULL
) ENGINE=InnoDB DEFAULT CHARSET=latin1;

--
-- Dumping data for table `tblautonumber`
--

INSERT INTO `tblautonumber` (`ID`, `AUTOSTART`, `AUTOINC`, `AUTOEND`, `AUTOKEY`, `AUTONUM`) VALUES
(1, '2017', 1, 62, 'PROID', 10),
(2, '0', 1, 102, 'ordernumber', 0);

-- --------------------------------------------------------

--
-- Table structure for table `tblcategory`
--

CREATE TABLE `tblcategory` (
  `CATEGID` int(11) NOT NULL,
  `CATEGORIES` varchar(255) NOT NULL,
  `USERID` int(11) NOT NULL
) ENGINE=InnoDB DEFAULT CHARSET=latin1;

--
-- Dumping data for table `tblcategory`
--

INSERT INTO `tblcategory` (`CATEGID`, `CATEGORIES`, `USERID`) VALUES
(20, 'PORK', 0),
(21, 'BEEF', 0),
(22, 'CHICKEN', 0);

-- --------------------------------------------------------

--
-- Table structure for table `tblcustomer`
--

CREATE TABLE `tblcustomer` (
  `CUSTOMERID` int(11) NOT NULL,
  `FNAME` varchar(30) NOT NULL,
  `LNAME` varchar(30) NOT NULL,
  `MNAME` varchar(30) NOT NULL,
  `CUSHOMENUM` varchar(90) NOT NULL,
  `STREETADD` text NOT NULL,
  `BRGYADD` text NOT NULL,
  `CITYADD` text NOT NULL,
  `PROVINCE` varchar(80) NOT NULL,
  `COUNTRY` varchar(30) NOT NULL,
  `DBIRTH` date NOT NULL,
  `GENDER` varchar(10) NOT NULL,
  `PHONE` varchar(20) NOT NULL,
  `EMAILADD` varchar(40) NOT NULL,
  `ZIPCODE` int(6) NOT NULL,
  `CUSUNAME` varchar(20) NOT NULL,
  `CUSPASS` varchar(90) NOT NULL,
  `CUSPHOTO` varchar(255) NOT NULL,
  `TERMS` tinyint(4) NOT NULL,
  `DATEJOIN` date NOT NULL
) ENGINE=InnoDB DEFAULT CHARSET=latin1;

--
-- Dumping data for table `tblcustomer`
--

INSERT INTO `tblcustomer` (`CUSTOMERID`, `FNAME`, `LNAME`, `MNAME`, `CUSHOMENUM`, `STREETADD`, `BRGYADD`, `CITYADD`, `PROVINCE`, `COUNTRY`, `DBIRTH`, `GENDER`, `PHONE`, `EMAILADD`, `ZIPCODE`, `CUSUNAME`, `CUSPASS`, `CUSPHOTO`, `TERMS`, `DATEJOIN`) VALUES
(1, 'janobe', 'Palacios', '', '321', 'Coloso Street', 'brgy. 1', 'Kabankalan City', 'Negros Occidental', 'Philippines', '0000-00-00', 'Male', '+639956112920', '', 6111, 'kenjie@yahoo.com', '1dd4efc811372cd1efe855981a8863d10ddde1ca', 'customer_image/a1157016c5d8272126380b27a59e2e7e.jpg', 1, '2015-11-26'),
(2, 'Mark Anthony', 'Geasin', '', '1234', 'paglaom', 'dancalan', 'ilog', 'negros occ', 'philippines', '0000-00-00', '', '091023333234', '', 6111, 'bboy', '0377588176145a8f0d837ff6e9bf0c1616268387', 'customer_image/10801930_959054964122877_391305007291646162_n.jpg', 1, '2015-11-26'),
(3, 'Jano', 'Palacios', '', '12312', 's', 'brgy 1', 'kabankalan city', 'negross occidental', 'philippines', '0000-00-00', 'Male', '21312312312', '', 6111, 'jan', '53199fa57fdf5676d03d89fbdd26e69a927766fc', 'customer_image/Tropical-Beach-Wallpaper.jpg', 1, '2017-12-08'),
(4, 'Jamei', 'Laveste', '', '', '', '', 'kabankalan city', '', '', '0000-00-00', 'Female', '362656556', '', 0, 'jame', 'f144dcce05af4d40fa0aeba34b05f4472472a4de', 'customer_image/1351064148bpguarhW.jpg', 1, '2018-01-23'),
(5, 'Jeanniebe', 'Palacios', '', '', '', '', 'Kab City', '', '', '0000-00-00', 'Female', '+639486457414', '', 0, 'bebe', 'd079a1c06803587ea09bff3f44a567e19169e7b5', '', 1, '2018-02-09'),
(6, 'Janry', 'Tan', '', '', '', '', 'Kab City', '', '', '0000-00-00', 'Male', '0234234', '', 0, 'jan', '0271c5467994a9e88e01be5b7e1f5f43d0ab93d2', '', 1, '2018-04-01'),
(7, 'Jake', 'Cuenca', '', '', '', '', 'Kabankalan City', '', '', '0000-00-00', 'Male', '639305235027', '', 0, 'jake', '403ba16f713c8371eef121530a922824be29b68a', '', 1, '2018-04-16'),
(8, 'Jake', 'Tam', '', '', '', '', 'Kab City', '', '', '0000-00-00', 'Male', '021312312', '', 0, 'j', '30e1fe53111f7e583c382596a32885fd27283970', '', 1, '2018-09-23'),
(9, 'Annie', 'Paredes', '', '', '', '', 's', '', '', '0000-00-00', 'Female', '12312312', '', 0, 'an', 'aa46142b604e671794a84129896d4dec508dec81', 'customer_image/shirt2.jpg', 1, '2019-08-20'),
(10, 'Raibelle', 'Altura', '', '', '', '', 'Lipa City', '', '', '0000-00-00', 'Male', '123456789', '', 0, 'RAIBELLE', '8f22d3fc64145f4b543aabc5ecb268e9f1e7bb97', 'customer_image/Screenshot 2022-06-21 160018.png', 1, '2024-10-09');

-- --------------------------------------------------------

--
-- Table structure for table `tblorder`
--

CREATE TABLE `tblorder` (
  `ORDERID` int(11) NOT NULL,
  `PROID` int(11) NOT NULL,
  `ORDEREDQTY` int(11) NOT NULL,
  `ORDEREDPRICE` double NOT NULL,
  `ORDEREDNUM` int(11) NOT NULL,
  `USERID` int(11) NOT NULL
) ENGINE=InnoDB DEFAULT CHARSET=latin1;

--
-- Dumping data for table `tblorder`
--

INSERT INTO `tblorder` (`ORDERID`, `PROID`, `ORDEREDQTY`, `ORDEREDPRICE`, `ORDEREDNUM`, `USERID`) VALUES
(1, 201737, 4, 476, 93, 0),
(2, 201740, 3, 447, 93, 0),
(3, 201738, 1, 199, 94, 0),
(4, 201738, 1, 199, 95, 0),
(5, 201738, 1, 199, 96, 0),
(6, 201740, 1, 149, 97, 0),
(7, 201743, 1, 100, 98, 0),
(8, 201748, 1, 300, 99, 0),
(9, 201751, 3, 600, 100, 0),
(10, 201761, 1, 180, 101, 0);

-- --------------------------------------------------------

--
-- Table structure for table `tblproduct`
--

CREATE TABLE `tblproduct` (
  `PROID` int(11) NOT NULL,
  `PRODESC` varchar(255) DEFAULT NULL,
  `INGREDIENTS` varchar(255) NOT NULL,
  `PROQTY` int(11) DEFAULT NULL,
  `ORIGINALPRICE` double NOT NULL,
  `PROPRICE` double DEFAULT NULL,
  `CATEGID` int(11) DEFAULT NULL,
  `IMAGES` varchar(255) DEFAULT NULL,
  `PROSTATS` varchar(30) DEFAULT NULL,
  `OWNERNAME` varchar(90) NOT NULL,
  `OWNERPHONE` varchar(90) NOT NULL
) ENGINE=InnoDB DEFAULT CHARSET=latin1;

--
-- Dumping data for table `tblproduct`
--

INSERT INTO `tblproduct` (`PROID`, `PRODESC`, `INGREDIENTS`, `PROQTY`, `ORIGINALPRICE`, `PROPRICE`, `CATEGID`, `IMAGES`, `PROSTATS`, `OWNERNAME`, `OWNERPHONE`) VALUES
(201743, 'PORK HAMLEG                      ', '', 9, 100, 100, 20, 'uploaded_photos/Hamleg.jfif', 'Available', 'APRIL AND MARC FROZEN MEAT TRADING', '633215943111'),
(201745, 'PORK BACK FAT SKIN', '', 10, 100, 100, 20, 'uploaded_photos/Pork Backfat Skin.jfif', 'Available', 'APRIL AND MARC FROZEN MEAT TRADING', '633215943111'),
(201746, 'PORK BACK FAT SKINLESS', '', 10, 100, 100, 20, 'uploaded_photos/Pork backfat Skinless.jpeg', 'Available', '', '633215943111'),
(201747, 'PORK BELLY BISO', '', 10, 200, 200, 20, 'uploaded_photos/Pork Belly Biso.jpg', 'Available', 'APRIL AND MARC FROZEN MEAT TRADING', '633215943111'),
(201748, 'PORK BELLY', '', 19, 300, 300, 20, 'uploaded_photos/Pork Belly.webp', 'Available', 'APRIL AND MARC FROZEN MEAT TRADING', '633215943111'),
(201749, 'PORK EAR', '', 10, 80, 80, 20, 'uploaded_photos/Pork Ear.jpg', 'Available', 'APRIL AND MARC FROZEN MEAT TRADING', '633215943111'),
(201750, 'PORK FLOWER ( BULAKLAK )', '', 10, 150, 150, 20, 'uploaded_photos/PORK FLOWER.webp', 'Available', 'APRIL AND MARC FROZEN MEAT TRADING', '633215943111'),
(201751, 'PORK MASK ( MASKARA )', '', 7, 200, 200, 20, 'uploaded_photos/Pork Mask.jfif', 'Available', 'APRIL AND MARC FROZEN MEAT TRADING', '633215943111'),
(201752, 'PORK PATA', '', 10, 400, 400, 0, 'uploaded_photos/Pork Pata.jpg', 'Available', 'APRIL AND MARC FROZEN MEAT TRADING', '633215943111'),
(201753, 'BEEF FOREQUARTER', '', 10, 300, 300, 21, 'uploaded_photos/Beef Forequarter.jfif', 'Available', 'APRIL AND MARC FROZEN MEAT TRADING', '633215943111'),
(201754, 'BEEF SHANK ( BULALO )', '', 10, 350, 350, 21, 'uploaded_photos/beef Shank(Bulalo).webp', 'Available', 'APRIL AND MARC FROZEN MEAT TRADING', '633215943111'),
(201755, 'BEEF TRIPE ( TUWALYA )', '', 10, 200, 200, 21, 'uploaded_photos/Beef Tripe.jpg', 'Available', 'APRIL AND MARC FROZEN MEAT TRADING', '633215943111'),
(201756, 'CHICKEN BREAST', '', 10, 200, 200, 22, 'uploaded_photos/Chicken Breast Fillet.jpg', 'Available', 'APRIL AND MARC FROZEN MEAT TRADING', '633215943111'),
(201757, 'CHICKEN DRUMMETS', '', 10, 180, 180, 22, 'uploaded_photos/Chicken Drumettes.jpg', 'Available', 'APRIL AND MARC FROZEN MEAT TRADING', '633215943111'),
(201758, 'CHICKEN DRUMSTICK', '', 10, 180, 180, 22, 'uploaded_photos/Chicken Drumstick.jfif', 'Available', 'APRIL AND MARC FROZEN MEAT TRADING', '633215943111'),
(201759, 'CHICKEN LIVER', '', 10, 120, 120, 22, 'uploaded_photos/Chicken Liver.jfif', 'Available', 'APRIL AND MARC FROZEN MEAT TRADING', '633215943111'),
(201760, 'CHICKEN SKIN', '', 10, 100, 100, 22, 'uploaded_photos/Chicken Skin.jpg', 'Available', 'APRIL AND MARC FROZEN MEAT TRADING', '633215943111'),
(201761, 'CHICKEN WINGS', '', 9, 180, 180, 22, 'uploaded_photos/Chicken Wings.jpg', 'Available', 'APRIL AND MARC FROZEN MEAT TRADING', '633215943111');

-- --------------------------------------------------------

--
-- Table structure for table `tblpromopro`
--

CREATE TABLE `tblpromopro` (
  `PROMOID` int(11) NOT NULL,
  `PROID` int(11) NOT NULL,
  `PRODISCOUNT` double NOT NULL,
  `PRODISPRICE` double NOT NULL,
  `PROBANNER` tinyint(4) NOT NULL,
  `PRONEW` tinyint(4) NOT NULL
) ENGINE=InnoDB DEFAULT CHARSET=latin1;

--
-- Dumping data for table `tblpromopro`
--

INSERT INTO `tblpromopro` (`PROMOID`, `PROID`, `PRODISCOUNT`, `PRODISPRICE`, `PROBANNER`, `PRONEW`) VALUES
(1, 201737, 0, 119, 0, 0),
(2, 201738, 0, 199, 0, 0),
(3, 201739, 0, 289, 0, 0),
(4, 201740, 0, 149, 0, 0),
(5, 201741, 0, 89, 0, 0),
(6, 201742, 0, 287, 0, 0),
(7, 201743, 0, 100, 0, 0),
(9, 201745, 0, 100, 0, 0),
(10, 201746, 0, 100, 0, 0),
(11, 201747, 0, 200, 0, 0),
(12, 201748, 0, 300, 0, 0),
(13, 201749, 0, 80, 0, 0),
(14, 201750, 0, 150, 0, 0),
(15, 201751, 0, 200, 0, 0),
(16, 201752, 0, 400, 0, 0),
(17, 201753, 0, 300, 0, 0),
(18, 201754, 0, 350, 0, 0),
(19, 201755, 0, 200, 0, 0),
(20, 201756, 0, 200, 0, 0),
(21, 201757, 0, 180, 0, 0),
(22, 201758, 0, 180, 0, 0),
(23, 201759, 0, 120, 0, 0),
(24, 201760, 0, 100, 0, 0),
(25, 201761, 0, 180, 0, 0);

-- --------------------------------------------------------

--
-- Table structure for table `tblsetting`
--

CREATE TABLE `tblsetting` (
  `SETTINGID` int(11) NOT NULL,
  `PLACE` text NOT NULL,
  `BRGY` varchar(90) NOT NULL,
  `DELPRICE` double NOT NULL
) ENGINE=InnoDB DEFAULT CHARSET=latin1;

--
-- Dumping data for table `tblsetting`
--

INSERT INTO `tblsetting` (`SETTINGID`, `PLACE`, `BRGY`, `DELPRICE`) VALUES
(1, 'Lipa City', 'Brgy. 1', 50),
(2, 'Batangas City', 'Brgy. 1', 70),
(3, 'Tanauan City', 'Brgy. Ulango', 250);

-- --------------------------------------------------------

--
-- Table structure for table `tblstockin`
--

CREATE TABLE `tblstockin` (
  `STOCKINID` int(11) NOT NULL,
  `STOCKDATE` datetime DEFAULT NULL,
  `PROID` int(11) DEFAULT NULL,
  `STOCKQTY` int(11) DEFAULT NULL,
  `STOCKPRICE` double DEFAULT NULL,
  `USERID` int(11) DEFAULT NULL
) ENGINE=InnoDB DEFAULT CHARSET=latin1;

-- --------------------------------------------------------

--
-- Table structure for table `tblsummary`
--

CREATE TABLE `tblsummary` (
  `SUMMARYID` int(11) NOT NULL,
  `ORDEREDDATE` datetime NOT NULL,
  `CUSTOMERID` int(11) NOT NULL,
  `ORDEREDNUM` int(11) NOT NULL,
  `DELFEE` double NOT NULL,
  `PAYMENT` double NOT NULL,
  `PAYMENTMETHOD` varchar(30) NOT NULL,
  `ORDEREDSTATS` varchar(30) NOT NULL,
  `ORDEREDREMARKS` varchar(125) NOT NULL,
  `CLAIMEDADTE` datetime NOT NULL,
  `HVIEW` tinyint(4) NOT NULL,
  `USERID` int(11) NOT NULL
) ENGINE=InnoDB DEFAULT CHARSET=latin1;

--
-- Dumping data for table `tblsummary`
--

INSERT INTO `tblsummary` (`SUMMARYID`, `ORDEREDDATE`, `CUSTOMERID`, `ORDEREDNUM`, `DELFEE`, `PAYMENT`, `PAYMENTMETHOD`, `ORDEREDSTATS`, `ORDEREDREMARKS`, `CLAIMEDADTE`, `HVIEW`, `USERID`) VALUES
(1, '2019-08-21 06:24:24', 9, 93, 0, 0, 'Cash on Delivery', 'Cancelled', 'Your order has been cancelled due to lack of communication and incomplete information.', '0000-00-00 00:00:00', 0, 0),
(3, '2019-08-21 06:27:09', 9, 94, 70, 269, 'Cash on Delivery', 'Confirmed', 'Your order has been confirmed.', '2019-08-21 00:00:00', 1, 0),
(4, '2024-10-09 02:52:42', 10, 95, 50, 199, 'Cash on Delivery', 'Confirmed', 'Your order has been confirmed.', '2024-10-09 00:00:00', 1, 0),
(5, '2024-10-09 04:03:09', 10, 96, 0, 199, 'Cash on Delivery', 'Confirmed', 'Your order has been confirmed.', '2024-10-09 00:00:00', 0, 0),
(6, '2024-10-09 04:32:36', 10, 97, 50, 149, 'Cash on Delivery', 'Confirmed', 'Your order has been confirmed.', '2024-10-09 00:00:00', 0, 0),
(7, '2024-10-09 05:21:48', 10, 98, 50, 100, 'Cash on Delivery', 'Confirmed', 'Your order has been confirmed.', '2024-10-09 00:00:00', 0, 0),
(8, '2024-10-09 05:44:25', 10, 99, 70, 350, 'Cash on Delivery', 'Confirmed', 'Your order has been confirmed.', '2024-10-09 00:00:00', 1, 0),
(9, '2024-10-09 06:07:29', 10, 100, 50, 670, 'Cash on Delivery', 'Confirmed', 'Your order has been confirmed.', '2024-10-09 00:00:00', 1, 0),
(10, '2024-10-09 06:09:16', 10, 101, 250, 180, 'Cash on Delivery', 'Pending', 'Your order is on process.', '0000-00-00 00:00:00', 1, 0);

-- --------------------------------------------------------

--
-- Table structure for table `tbluseraccount`
--

CREATE TABLE `tbluseraccount` (
  `USERID` int(11) NOT NULL,
  `U_NAME` varchar(122) NOT NULL,
  `U_USERNAME` varchar(122) NOT NULL,
  `U_PASS` varchar(122) NOT NULL,
  `U_ROLE` varchar(30) NOT NULL,
  `USERIMAGE` varchar(255) NOT NULL
) ENGINE=InnoDB DEFAULT CHARSET=latin1;

--
-- Dumping data for table `tbluseraccount`
--

INSERT INTO `tbluseraccount` (`USERID`, `U_NAME`, `U_USERNAME`, `U_PASS`, `U_ROLE`, `USERIMAGE`) VALUES
(128, 'Raibelle Altura', 'raibelle', 'c380dab8154c165ce9945a125008df19836bde6a', 'Administrator', 'photos/Screenshot 2022-06-21 160018.png'),
(129, 'Stemart Kenji', 'Kenji@gmail.com', '059b8b880f8441509ec8a65b50b4c6ae74ebea76', 'Administrator', '');

-- --------------------------------------------------------

--
-- Table structure for table `tblwishlist`
--

CREATE TABLE `tblwishlist` (
  `id` int(11) NOT NULL,
  `CUSID` int(11) NOT NULL,
  `PROID` int(11) NOT NULL,
  `WISHDATE` date NOT NULL,
  `WISHSTATS` text NOT NULL
) ENGINE=InnoDB DEFAULT CHARSET=latin1;

--
-- Dumping data for table `tblwishlist`
--

INSERT INTO `tblwishlist` (`id`, `CUSID`, `PROID`, `WISHDATE`, `WISHSTATS`) VALUES
(2, 9, 201742, '2019-08-21', '0'),
(3, 10, 201740, '2024-10-09', '0');

--
-- Indexes for dumped tables
--

--
-- Indexes for table `messagein`
--
ALTER TABLE `messagein`
  ADD PRIMARY KEY (`Id`);

--
-- Indexes for table `messagelog`
--
ALTER TABLE `messagelog`
  ADD PRIMARY KEY (`Id`),
  ADD KEY `IDX_MessageId` (`MessageId`,`SendTime`);

--
-- Indexes for table `messageout`
--
ALTER TABLE `messageout`
  ADD PRIMARY KEY (`Id`),
  ADD KEY `IDX_IsRead` (`IsRead`);

--
-- Indexes for table `tblautonumber`
--
ALTER TABLE `tblautonumber`
  ADD PRIMARY KEY (`ID`);

--
-- Indexes for table `tblcategory`
--
ALTER TABLE `tblcategory`
  ADD PRIMARY KEY (`CATEGID`);

--
-- Indexes for table `tblcustomer`
--
ALTER TABLE `tblcustomer`
  ADD PRIMARY KEY (`CUSTOMERID`);

--
-- Indexes for table `tblorder`
--
ALTER TABLE `tblorder`
  ADD PRIMARY KEY (`ORDERID`),
  ADD KEY `USERID` (`USERID`),
  ADD KEY `PROID` (`PROID`),
  ADD KEY `ORDEREDNUM` (`ORDEREDNUM`);

--
-- Indexes for table `tblproduct`
--
ALTER TABLE `tblproduct`
  ADD PRIMARY KEY (`PROID`),
  ADD KEY `CATEGID` (`CATEGID`);

--
-- Indexes for table `tblpromopro`
--
ALTER TABLE `tblpromopro`
  ADD PRIMARY KEY (`PROMOID`),
  ADD UNIQUE KEY `PROID` (`PROID`);

--
-- Indexes for table `tblsetting`
--
ALTER TABLE `tblsetting`
  ADD PRIMARY KEY (`SETTINGID`);

--
-- Indexes for table `tblstockin`
--
ALTER TABLE `tblstockin`
  ADD PRIMARY KEY (`STOCKINID`),
  ADD KEY `PROID` (`PROID`,`USERID`),
  ADD KEY `USERID` (`USERID`);

--
-- Indexes for table `tblsummary`
--
ALTER TABLE `tblsummary`
  ADD PRIMARY KEY (`SUMMARYID`),
  ADD UNIQUE KEY `ORDEREDNUM` (`ORDEREDNUM`),
  ADD KEY `CUSTOMERID` (`CUSTOMERID`),
  ADD KEY `USERID` (`USERID`);

--
-- Indexes for table `tbluseraccount`
--
ALTER TABLE `tbluseraccount`
  ADD PRIMARY KEY (`USERID`);

--
-- Indexes for table `tblwishlist`
--
ALTER TABLE `tblwishlist`
  ADD PRIMARY KEY (`id`);

--
-- AUTO_INCREMENT for dumped tables
--

--
-- AUTO_INCREMENT for table `messagein`
--
ALTER TABLE `messagein`
  MODIFY `Id` int(11) NOT NULL AUTO_INCREMENT, AUTO_INCREMENT=7;

--
-- AUTO_INCREMENT for table `messagelog`
--
ALTER TABLE `messagelog`
  MODIFY `Id` int(11) NOT NULL AUTO_INCREMENT, AUTO_INCREMENT=28;

--
-- AUTO_INCREMENT for table `messageout`
--
ALTER TABLE `messageout`
  MODIFY `Id` int(11) NOT NULL AUTO_INCREMENT;

--
-- AUTO_INCREMENT for table `tblautonumber`
--
ALTER TABLE `tblautonumber`
  MODIFY `ID` int(11) NOT NULL AUTO_INCREMENT, AUTO_INCREMENT=3;

--
-- AUTO_INCREMENT for table `tblcategory`
--
ALTER TABLE `tblcategory`
  MODIFY `CATEGID` int(11) NOT NULL AUTO_INCREMENT, AUTO_INCREMENT=23;

--
-- AUTO_INCREMENT for table `tblcustomer`
--
ALTER TABLE `tblcustomer`
  MODIFY `CUSTOMERID` int(11) NOT NULL AUTO_INCREMENT, AUTO_INCREMENT=11;

--
-- AUTO_INCREMENT for table `tblorder`
--
ALTER TABLE `tblorder`
  MODIFY `ORDERID` int(11) NOT NULL AUTO_INCREMENT, AUTO_INCREMENT=11;

--
-- AUTO_INCREMENT for table `tblpromopro`
--
ALTER TABLE `tblpromopro`
  MODIFY `PROMOID` int(11) NOT NULL AUTO_INCREMENT, AUTO_INCREMENT=26;

--
-- AUTO_INCREMENT for table `tblsetting`
--
ALTER TABLE `tblsetting`
  MODIFY `SETTINGID` int(11) NOT NULL AUTO_INCREMENT, AUTO_INCREMENT=4;

--
-- AUTO_INCREMENT for table `tblstockin`
--
ALTER TABLE `tblstockin`
  MODIFY `STOCKINID` int(11) NOT NULL AUTO_INCREMENT, AUTO_INCREMENT=8;

--
-- AUTO_INCREMENT for table `tblsummary`
--
ALTER TABLE `tblsummary`
  MODIFY `SUMMARYID` int(11) NOT NULL AUTO_INCREMENT, AUTO_INCREMENT=11;

--
-- AUTO_INCREMENT for table `tbluseraccount`
--
ALTER TABLE `tbluseraccount`
  MODIFY `USERID` int(11) NOT NULL AUTO_INCREMENT, AUTO_INCREMENT=130;

--
-- AUTO_INCREMENT for table `tblwishlist`
--
ALTER TABLE `tblwishlist`
  MODIFY `id` int(11) NOT NULL AUTO_INCREMENT, AUTO_INCREMENT=4;
COMMIT;

/*!40101 SET CHARACTER_SET_CLIENT=@OLD_CHARACTER_SET_CLIENT */;
/*!40101 SET CHARACTER_SET_RESULTS=@OLD_CHARACTER_SET_RESULTS */;
/*!40101 SET COLLATION_CONNECTION=@OLD_COLLATION_CONNECTION */;
